urn:aim:wa5CbMgHdal8pC0A:1, Other Services, S
urn:aim:R1PZIKkBbP99MdbL:1, Accommodation and Food Services, H
urn:aim:fATiFvJXhVkcJaNV:1, Professional, Scientific and Technical Services, M
urn:aim:M6579QWeJZN1BZSJ:1, Arts and Recreation Services, R
urn:aim:Fvyv5wjqjGBPk9TA:1, Construction, E
urn:aim:bZ6zC21sZXAn2lSJ:1, Electricity, Gas, Water and Waste Services, D
urn:aim:AHeD2vZgUy0DPE1X:1, Health Care and Social Assistance, Q
urn:aim:sPmDYKgjfmhttMeR:1, Hospitals, 84
urn:aim:nWW43iEKKEBUqKSA:1, Heritage Activities, 89
urn:aim:DLtMwDOtLb3AlE3W:1, Manufacturing, C
urn:aim:WaeB6ES1TDTGexZJ:1, Hospitals, 840
urn:aim:GO3IZNJNKJDKzHFA:1, Personal and Other Services, 95
urn:aim:QWaV0d97bFTpwByF:1, Agriculture, Forestry and Fishing, A
urn:aim:ZltU1xAtRkx8b8LX:1, Rental, Hiring and Real Estate Services, L
urn:aim:gbw2x1lKLZU2IBKT:1, Mining, B
urn:aim:VfOk3vcZWV5qHchA:1, Metal Ore Mining, 08
urn:aim:BGrJ82arFaefgxQC:1, Information Media and Telecommunications, J
urn:aim:gnoqpBGGy1R9Ty3X:1, Agriculture, 01
urn:aim:ms51BGOrXnEcAH3X:1, Publishing (except Internet and Music Publishing), 54
urn:aim:U3RTzI20Zx4jqm1V:1, Transport, Postal and Warehousing, I
urn:aim:lovv8kSLXmeumWPL:1, Repair and Maintenance, 94
urn:aim:S1xEziVdeNpjC3LC:1, Food and Beverage Services, 45
urn:aim:ZTfYTnLkVy5rOGYW:1, Administrative and Support Services, N
urn:aim:nZdpvrDBjA1h5fWC:1, Building Cleaning, Pest Control and Other Support Services, 73
urn:aim:LXJ40PniBmRLOqzV:1, Petroleum and Coal Product Manufacturing, 17
urn:aim:pi1u6H0qR22DUuXL:1, Road Transport, 46
urn:aim:s9eWwB0DjwHecdmT:1, Psychiatric Hospitals, 8402
urn:aim:FtjaOI4u8TULLCeC:1, Petroleum and Coal Product Manufacturing, 170
urn:aim:y0aHN4pa0aYct66W:1, Building Construction, 30
urn:aim:K7EPH2BG1bFdEciC:1, Transport Equipment Manufacturing, 23
urn:aim:wHP9tPN3r1eVEyAC:1, Sheep, Beef Cattle and Grain Farming, 014
urn:aim:LYB85eYu8KQwZZvJ:1, Religious Services, 954
urn:aim:hEGmaRnlgvaZlbsA:1, Beverage and Tobacco Product Manufacturing, 12
urn:aim:YiPsPZSlpSzNwJtC:1, Cafes, Restaurants and Takeaway Food Services, 451
urn:aim:ZjvvKZo2PWa0IisA:1, Other Petroleum and Coal Product Manufacturing, 1709
urn:aim:eMBPIRORAaP82C1W:1, Water Transport, 48
urn:aim:EfgtDzHm8L5EvGkR:1, Food Product Manufacturing, 11
urn:aim:lF9LDXEIoj8Y3AfA:1, Medical and Other Health Care Services, 85
urn:aim:tERj2VcHIyBiGBbC:1, Basic Chemical and Chemical Product Manufacturing, 18
urn:aim:GeqrwQsqMJRXzQ2A:1, Fishing, Hunting and Trapping, 04
urn:aim:JDqslrty0NJvdXIK:1, Social Assistance Services, 87
urn:aim:K9YdLXjj9YSUCvDL:1, Museum Operation, 891
urn:aim:aMuenKdt7uOCVrhL:1, Fabricated Metal Product Manufacturing, 22
urn:aim:xJWdVVKSUOzp9V8X:1, Telecommunications Services, 58
urn:aim:hf15pJlvHeAzdPKV:1, Water Passenger Transport, 482
urn:aim:EmB05C8lwLjVrGZL:1, Seafood Processing, 112
urn:aim:iK1oG9L3IMme3oQW:1, Wood Product Manufacturing, 14
urn:aim:IaVvTIm1VBgG9bmC:1, Fishing, 041
urn:aim:eLMdQxwtlaaQA9vV:1, Sheep Farming (Specialised), 0141
urn:aim:KMruwQlFqBF5LFZF:1, Pathology and Diagnostic Imaging Services, 852
urn:aim:oOsYOCjUslvge4NV:1, Construction Services, 32
urn:aim:E9p8UC5qVwUcs4GJ:1, Professional, Scientific and Technical Services (Except Computer System Design and Related Services), 69
urn:aim:q52QyygGIIHKHTvT:1, Fertiliser and Pesticide Manufacturing, 183
urn:aim:u4QxVMWK4kvJFCML:1, Primary Metal and Metal Product Manufacturing, 21
urn:aim:nD214O5AXpKl3FiL:1, Wholesale Trade, F
urn:aim:ZfKRKxQXdXQ2qxhA:1, Pathology and Diagnostic Imaging Services, 8520
urn:aim:R2Tb3mvak5UNIIjR:1, Water Supply, Sewerage and Drainage Services, 28
urn:aim:YWiIXTbGBZoYiCBJ:1, Private Households Employing Staff and Undifferentiated Goods- and Service-Producing Activities, 96
urn:aim:sl9Xns74qPT9V0hT:1, Gambling Activities, 92
urn:aim:EpR3vz6VXRZzUmsA:1, Other Professional, Scientific and Technical Services, 699
urn:aim:KQLcDN0XK4ja8BZK:1, Parks and Gardens Operations, 892
urn:aim:E6aA8zm0syoPtNAT:1, Residential Care Services, 86
urn:aim:zlqxfhJ2tnirotxW:1, Zoological and Botanical Gardens Operation, 8921
urn:aim:MBGnyWwTw110lqxA:1, Software Publishing, 542
urn:aim:yA5eNIhygtmQv4dW:1, Newspaper, Periodical, Book and Directory Publishing, 541
urn:aim:LZ5G14XRa8oYg2RT:1, Nature Reserves and Conservation Parks Operation, 8922
urn:aim:zb7mXhInErUe6SgL:1, Seafood Processing, 1120
urn:aim:dKInvKQNjtADtgDF:1, Telecommunications Services, 580
urn:aim:ariYrRyV44hVUuKW:1, Building Installation Services, 323
urn:aim:hayZO88fdKAkKMkL:1, Other Professional, Scientific and Technical Services n.e.c., 6999
urn:aim:TpeSj0k0nyjl0rEF:1, Rice Growing, 0146
urn:aim:kBi7PEQ01TYTISVW:1, Motor Vehicle and Motor Vehicle Part Manufacturing, 231
urn:aim:vXX4E8kOQavYTlwF:1, Catering Services, 4513
urn:aim:GKb6s26jVIHKjEcJ:1, Water Freight Transport, 481
urn:aim:qc0VEtD1g1DeunOT:1, Fertiliser Manufacturing, 1831
urn:aim:TF6sPKa8JbnTiy3L:1, Pharmaceutical and Medicinal Product Manufacturing, 184
urn:aim:BhnuNGELjS5NyGkR:1, Other Food Product Manufacturing, 119
urn:aim:cSz3ycOxGBC16oVV:1, Transport Support Services, 52
urn:aim:Q9OzKAaohPMMFgNT:1, Education and Training, P
urn:aim:SzPBdZjyGWWsK1UX:1, Furniture and Other Manufacturing, 25
urn:aim:FKYuB2GxnYyx5nrW:1, Other Basic Chemical Product Manufacturing, 189
urn:aim:AiZlNqrDzAX3kA3V:1, Machinery and Equipment Wholesaling, 34
urn:aim:vJNcYAwNVS1haTLT:1, Sugar and Confectionery Manufacturing, 118
urn:aim:CyZ4U486DBYKHkCV:1, Magazine and Other Periodical Publishing, 5412
urn:aim:FcDCp48tvwi1VSPC:1, Property Operators and Real Estate Services, 67
urn:aim:PPNgaboAgeQdnxAX:1, Internet Publishing and Broadcasting, 57
urn:aim:T4HFajgsSf4M31wK:1, Motor Vehicle and Motor Vehicle Parts Wholesaling, 35
urn:aim:oAHd9lyeGM10VDzL:1, Commission-Based Wholesaling, 38
urn:aim:uGFSKzIegvFvPRBC:1, Veterinary Services, 697
urn:aim:QaIEMNaZj7NtV8XV:1, Basic Non-Ferrous Metal Product Manufacturing, 214
urn:aim:pzwleN0dDsAYb5wR:1, Retail Trade, G
urn:aim:F9o4XZolbihrmUDJ:1, Log Sawmilling and Timber Dressing, 141
urn:aim:u9JOFLhMwWP1wpcF:1, Hospitals (Except Psychiatric Hospitals), 8401
urn:aim:LKCyUJwuqxnEwdhC:1, Packaging Services, 732
urn:aim:O9HuX6MFFa6czrPF:1, Broadcasting (except Internet), 56
urn:aim:VSZxK2Q3DJd8vGIF:1, Other Telecommunications Network Operation, 5802
urn:aim:XRWylMDQX0okGmaR:1, Metal Ore Mining, 080
urn:aim:i74UDH0oNDr6O9QL:1, Other Basic Non-Ferrous Metal Product Manufacturing, 2149
urn:aim:AuLEzFLirSNq68WV:1, Other Transport, 50
urn:aim:qI1zK19gtwWdfhlJ:1, Cleaning Compound and Toiletry Preparation Manufacturing, 185
urn:aim:ilEf8byKJ3MDVK5J:1, Air Conditioning and Heating Services, 3233
urn:aim:BOxyc0nxvQDgO0qK:1, Public Administration and Safety, O
urn:aim:oPhNZEBrdUlXxz0K:1, Property Operators, 671
urn:aim:cb5LyXfcukdcTnPL:1, Machinery and Equipment Repair and Maintenance, 942
urn:aim:Kn1HkcYfAF06igHJ:1, Museum Operation, 8910
urn:aim:TRjqP0VzmpWryWcV:1, Electricity Supply, 26
urn:aim:nkgY1RBThxkizBpW:1, Water Freight Transport, 4810
urn:aim:nHpxJk0PgPArtnFA:1, Bakery Product Manufacturing, 117
urn:aim:dnB8gIEgG55YHrrR:1, Structural Metal Product Manufacturing, 222
urn:aim:uppR37X70kWPV6vA:1, Other Publishing (except Software, Music and Internet), 5419
urn:aim:zqKfR0OEjZXOk1oL:1, Accommodation, 44
urn:aim:UG8s6DQqQA66aKYV:1, Non-Metallic Mineral Mining and Quarrying, 09
urn:aim:js3SVdaM6Nbl5XmT:1, Beef Cattle Feedlots (Specialised), 0143
urn:aim:nIiVjpwIv0AbTnuV:1, Petroleum Refining and Petroleum Fuel Manufacturing, 1701
urn:aim:r1hUhUpAKf7Y84JW:1, Fish Trawling, Seining and Netting, 0414
urn:aim:nEtcJt1cGCUil0qA:1, Civic, Professional and Other Interest Group Services, 955
urn:aim:xsMKD8mIuOC9GacT:1, Rail Transport, 47
urn:aim:gt9SYxcMkF7BP1BV:1, Prefabricated Metal Building Manufacturing, 2222
urn:aim:QevZBvJ47raD5hYT:1, Financial and Insurance Services, K
urn:aim:o78y5HRlxgjIXtRT:1, Aquaculture, 02
urn:aim:ilxK2a4hJkhXG0oC:1, Water Supply, Sewerage and Drainage Services, 281
urn:aim:ovSWf1e7psJQFXuT:1, Other Interest Group Services n.e.c., 9559
urn:aim:VwPiYulV6eqFxxmR:1, Clubs (Hospitality), 453
urn:aim:Qzz1609nay6qiNUT:1, Computer System Design and Related Services, 70
urn:aim:Qg80v0KhLtzMLWrJ:1, Gas Supply, 27
urn:aim:YyLKOfI0dwHY0YhR:1, Administrative Services, 72
urn:aim:pCMvsDYkkgedF7XJ:1, Adult, Community and Other Education, 82
urn:aim:vpyaXu3VdHKUMjlL:1, Plumbing Services, 3231
urn:aim:yEpANEtLGuVgyJxJ:1, Beef Cattle Farming (Specialised), 0142
urn:aim:ZmapDEw8ioGsQMqF:1, Water Transport Support Services, 521
urn:aim:TiWeHANsxIpsj4jV:1, Business and Professional Association Services, 9551
urn:aim:mvYmgw0Hg5Q4znpK:1, Fuel Retailing, 40
urn:aim:BirZAt3tHRy9BNxC:1, Other Machinery and Equipment Wholesaling, 349
urn:aim:f8nuHJCU4inkn48A:1, Motor Vehicle Manufacturing, 2311
urn:aim:lRGYuiLC8IiPFBRA:1, Creative and Performing Arts Activities, 90
urn:aim:sXpIUezCI7TyDOrK:1, Metal Container Manufacturing, 223
urn:aim:m81yOAJ7CQnuxi9K:1, Machinery and Equipment Manufacturing, 24
urn:aim:e0605TTHAjP4RIUC:1, Other Social Assistance Services, 879
urn:aim:p29yxV9OjHNDIm1R:1, Gambling Activities, 920
urn:aim:BqRuW9srHvoAidqV:1, Other Livestock Farming, 019
urn:aim:t1rDyb8hZe4jHlKX:1, Airport Operations and Other Air Transport Support Services, 522
urn:aim:BZXKe2H36CTE7UAL:1, Religious Services, 9540
urn:aim:x0UhWrf8Us0ECVZC:1, Explosive Manufacturing, 1892
urn:aim:qQipckrBOJ2yI2iC:1, Food Retailing, 41
urn:aim:zLbK7y5z20XfKTrV:1, Other Personal Services, 953
urn:aim:McdSJjrDwyPKAzXL:1, Bakery Product Manufacturing (Non-factory based), 1174
urn:aim:IRXbLRFoFLxp7KzC:1, Sports and Recreation Activities, 91
urn:aim:LwB7oupfe3fKY5oL:1, Timber Resawing and Dressing, 1413
urn:aim:OvgjJuLQgBgszmnF:1, Land Development and Site Preparation Services, 321
urn:aim:Mtd2gPF3DIP0voJL:1, Scientific Research Services, 691
urn:aim:PM3yu9m7jNflfHiT:1, Specialised Food Retailing, 412
urn:aim:rF6wzH02WqudXQoX:1, Grain-Sheep or Grain-Beef Cattle Farming, 0145
urn:aim:iIO3yCkj1kK5RPTA:1, Other Manufacturing, 259
urn:aim:IPu66JjsvFa25AwT:1, Heavy and Civil Engineering Construction, 31
urn:aim:F6T8MA1QplSGsnkX:1, Beekeeping, 0193
urn:aim:nhKgGaJrLdgoGpCT:1, Mineral Sand Mining, 0805
urn:aim:LRNiXsUAAjzVLeHA:1, Funeral, Crematorium and Cemetery Services, 952
urn:aim:WLXAPRBSUNtz2mmJ:1, Furniture Manufacturing, 251
urn:aim:xLLMn0NWeNW9wkIF:1, Air and Space Transport, 49
urn:aim:rF3iBhh7hnnEArdF:1, Other Specialised Food Retailing, 4129
urn:aim:Orlkyq0BKjTAuAXW:1, Exploration and Other Mining Support Services, 10
urn:aim:NdzsfKVsakGyAsFC:1, Silver-Lead-Zinc Ore Mining, 0807
urn:aim:JRGNxoGq0KeqOXjX:1, Line Fishing, 0413
urn:aim:v8iBhLnIEfJJ83rR:1, Waste Collection, Treatment and Disposal Services, 29
urn:aim:TzFnlb3IWkSqNizX:1, Boiler, Tank and Other Heavy Gauge Metal Container Manufacturing, 2231
urn:aim:FUM1xUqIAQzvhdrR:1, Packaging Services, 7320
urn:aim:haweauogpyazwFdL:1, Allied Health Services, 853
urn:aim:hen6g4No8C3phZwR:1, Other Non-Metallic Mineral Mining and Quarrying, 099
urn:aim:r5GKRAYu2hcGG8uF:1, Basic Material Wholesaling, 33
urn:aim:WPSPs4bxStEm7lJV:1, Other Health Care Services, 859
urn:aim:W6dYuCRWlk2d2pQJ:1, Non-Metallic Mineral Product Manufacturing, 20
urn:aim:jUHPUjPxNKOP2glJ:1, Personal Care Services, 951
urn:aim:DHLddZWrQFzcJFOV:1, Coal Mining, 06
urn:aim:uaSTSdIKxrxwwQmV:1, Electronic (except Domestic Appliance) and Precision Equipment Repair, 9422
urn:aim:KrKEo7eHnsKhexJW:1, Beverage Manufacturing, 121
urn:aim:FkhD0M0SowXEICQK:1, Oil and Gas Extraction, 07
urn:aim:OFdLmQHofLU3XPPL:1, Fruit and Tree Nut Growing, 013
urn:aim:WvU07TReYg1byUJT:1, Iron and Steel Forging, 221
urn:aim:aDz3MyMJSLZ0aECA:1, Other Repair and Maintenance, 949
urn:aim:lWqJ6rFmkTrGCguR:1, Grocery, Liquor and Tobacco Product Wholesaling, 36
urn:aim:M6CX0774DbeZioHC:1, Pipeline and Other Transport, 502
urn:aim:fAn4ZkjfCrhyf32C:1, Cafes and Restaurants, 4511
urn:aim:HA1p45oMffxlrCSR:1, Rock Lobster and Crab Potting, 0411
urn:aim:aa02VQb8kICCaEaJ:1, Spirit Manufacturing, 1213
urn:aim:edDgUXZaz0TFcRBR:1, Basic Chemical Manufacturing, 181
urn:aim:tDpbnckMe1BeRbGT:1, Agriculture, Forestry and Fishing Support Services, 05
urn:aim:ODFgWojeNdOYn2CV:1, Rail Passenger Transport, 472
urn:aim:FXIVHQSmfik9Ng0F:1, Hunting and Trapping, 042
urn:aim:sr2FjK3UfoxTJ81F:1, Textile, Leather, Clothing and Footwear Manufacturing, 13
urn:aim:n1MxwelYMZgn7RUV:1, Port and Water Transport Terminal Operations, 5212
urn:aim:LvJtSLKvnohbWZmJ:1, Other Crop Growing, 015
urn:aim:lyk7CE1qY7eMtGvR:1, Timber and Hardware Goods Wholesaling, 333
urn:aim:m3yNhuo7BMrEBUOA:1, Liquor Retailing, 4123
urn:aim:NwPV4b1DnAgQqBYR:1, Electricity Generation, 261
urn:aim:TdcgTnuXKAvBsyyC:1, Internet Publishing and Broadcasting, 570
urn:aim:MWXeAwUtk145x8OV:1, Fruit and Vegetable Processing, 114
urn:aim:J1uMmlvUeRoAJcxT:1, Rail Freight Transport, 471
urn:aim:zb2a1EdhE0C9H6nC:1, Accommodation, 440
urn:aim:F7Tt0vnzV3kHER5K:1, Creative and Performing Arts Activities, 900
urn:aim:h3KYUkwS60CDHKlR:1, Human Pharmaceutical and Medicinal Product Manufacturing, 1841
urn:aim:kNF4EYkGJGHYfXjV:1, Pulp, Paper and Converted Paper Product Manufacturing, 15
urn:aim:jNvSCPi8muBguF3J:1, Stone Fruit Growing, 0135
urn:aim:h5xB5EQHsEbVJPbC:1, Metal Roof and Guttering Manufacturing (except Aluminium), 2224
urn:aim:gJU6rE2vC6GaUePK:1, Beer Manufacturing, 1212
urn:aim:VfwCZYSQuNHvrfXW:1, Other Building Installation Services, 3239
urn:aim:eQVKhayJTIHw47uC:1, Construction Material Mining, 091
urn:aim:k2olh8DxJtyNHg1A:1, Polymer Product and Rubber Product Manufacturing, 19
urn:aim:ZmoqH4XXd582eDmW:1, Biscuit Manufacturing (Factory based), 1173
urn:aim:LMPU65TcbRI437LA:1, Residential Building Construction, 301
urn:aim:BECWyesOOUPd6y4L:1, Meat and Meat Product Manufacturing, 111
urn:aim:xLPIUjBIN9leOBNF:1, Specialised Industrial Machinery and Equipment Wholesaling, 341
urn:aim:EoejoPya4GP4VhUV:1, Dairy Cattle Farming, 016
urn:aim:svz2CXYbgQKC4g2F:1, Basic Ferrous Metal Product Manufacturing, 212
urn:aim:dfCCi8NIpaqkw4QC:1, Physiotherapy Services, 8533
urn:aim:cHQG2RI7moDnWFeL:1, Travel Agency and Tour Arrangement Services, 722
urn:aim:IALelbxq2Ys4yCQW:1, Tertiary Education, 81
urn:aim:brf8tui32duEmChT:1, Building Completion Services, 324
urn:aim:M4G7620w4CtIO2VR:1, Other Basic Chemical Product Manufacturing n.e.c., 1899
urn:aim:cTvjrkysOwFI8EIL:1, Performing Arts Venue Operation, 9003
urn:aim:AkyXHslu1aRImFVK:1, Building Cleaning, Pest Control and Gardening Services, 731
urn:aim:VoVnBtiYXVKTMYNJ:1, Warehousing and Storage Services, 53
urn:aim:s9zYbUC0PQdJPB7W:1, Pig Farming, 0192
urn:aim:LE9G0R5kGnce9DnT:1, Postal and Courier Pick-up and Delivery Services, 51
urn:aim:g9NsbW6IEDKyrTkX:1, Printing (including the Reproduction of Recorded Media), 16
urn:aim:y6MU3Z3iujra88SV:1, Finance, 62
urn:aim:t9ADOfWDwzApNJHT:1, Depository Financial Intermediation, 622
urn:aim:OKlFqpaAPjlWQ23A:1, Apple and Pear Growing, 0134
urn:aim:UmTIF4ItVssSNajK:1, Polymer Product Manufacturing, 191
urn:aim:W481HRtN66xxYFHX:1, Gravel and Sand Quarrying, 0911
urn:aim:yPlI0Hn7zvcD0ttA:1, Dairy Cattle Farming, 0160
urn:aim:vNCtkkb1paa0fQ8R:1, Mattress Manufacturing, 2513
urn:aim:bQsnUMSTgsiEjS5J:1, Sugar Manufacturing, 1181
urn:aim:LH8S7pH4zovoQ6LL:1, Child Care Services, 871
urn:aim:sWNivoi0HwAOftbT:1, Domestic Appliance Manufacturing, 244
urn:aim:dL61WOVW2QmW1WkW:1, Coal Mining, 060
urn:aim:MQLzMwz5FDZL6EPK:1, Road Freight Transport, 461
urn:aim:VE6EjNofFru4EpnF:1, Cigarette and Tobacco Product Manufacturing, 122
urn:aim:bvoiNJzXhIxzSLYK:1, Road Freight Transport, 4610
urn:aim:CUWPADMW2vnhtRLT:1, Dairy Product Manufacturing, 113
urn:aim:EyqeEWHC3ErxkMsV:1, Nursery and Floriculture Production, 011
urn:aim:qMvTEbo0bVZJNAAJ:1, Computer and Electronic Equipment Manufacturing, 242
urn:aim:hp91YBOzVLFoGO5T:1, Motion Picture and Sound Recording Activities, 55
urn:aim:SQ8BYEDhTMWoOiDL:1, Forestry and Logging, 03
urn:aim:Om8vIFgawoQDIBaR:1, Private Households Employing Staff and Undifferentiated Goods- and, 960
urn:aim:U7j0UW88N9hoCUHA:1, Basic Polymer Manufacturing, 182
urn:aim:kcf55Lv7ddPDSZpC:1, Directory and Mailing List Publishing, 5414
urn:aim:huAzetyIcMVKQUfX:1, Whiteware Appliance Manufacturing, 2441
urn:aim:r0PnFLV5FJRz0DWC:1, Berry Fruit Growing, 0133
urn:aim:RH38jMrHZRgPWqjX:1, Horse and Dog Racing Activities, 912
urn:aim:BzZAppWnegSyEUWV:1, Other Grain Growing, 0149
urn:aim:HehqodcVyxUq8b9F:1, Other Furniture Manufacturing, 2519
urn:aim:jNj3wiW2LiUqcA5L:1, Other Machinery and Equipment Manufacturing, 249
urn:aim:nKSFMVXqh5dux7VR:1, Basic Non-Ferrous Metal Manufacturing, 213
urn:aim:kzF4qkPOuPe9PSNC:1, Grape Growing, 0131
urn:aim:yT8UTbdpGn485KhK:1, Other Transport Equipment Manufacturing, 239
urn:aim:RWmhCogPGcYBrywR:1, Citrus Fruit Growing, 0136
urn:aim:XbefZGMncIaRsjlL:1, Other Electricity Generation, 2619
urn:aim:rxIMtrvta8HHBA0X:1, Professional and Scientific Equipment Manufacturing, 241
urn:aim:dLeR8wDhSxPrCdAW:1, Rental and Hiring Services (except Real Estate), 66
urn:aim:cNDo1XX4H1p4KGoT:1, Iron and Steel Forging, 2210
urn:aim:pxtqpn1fpyRupwnV:1, Optometry and Optical Dispensing, 8532
urn:aim:tpprQxMxpTv9RTWX:1, Cheese and Other Dairy Product Manufacturing, 1133
urn:aim:p8XNWlBxgACJPhLR:1, Wooden Furniture and Upholstered Seat Manufacturing, 2511
urn:aim:IhGXF4Wc2mn8yxVL:1, Internet Service Providers, Web Search Portals and Data Processing Services, 59
urn:aim:jrY5SN3TgfZlmsjF:1, Labour Association Services, 9552
urn:aim:r7OJJ8hB5BDxoQUA:1, Pump, Compressor, Heating and Ventilation Equipment Manufacturing, 245
urn:aim:MFri7SNpQcE3oq9C:1, Architectural Aluminium Product Manufacturing, 2223
urn:aim:AkXaVCnUYGPP5nXT:1, Boatbuilding and Repair Services, 2392
urn:aim:dGyPtv3ngezz8V5R:1, Library and Other Information Services, 60
urn:aim:sqlxzMHIWBWESoLX:1, Waste Collection Services, 291
urn:aim:WWWjv280WHf8XUWT:1, Other Goods Wholesaling, 37
urn:aim:fIL91vovzUyCkJrF:1, Non-Residential Building Construction, 302
urn:aim:ijkkzJnRk4g0Xk5T:1, Tiling and Carpeting Services, 3243
urn:aim:VzCkCAg2Z0O7LGwT:1, Textile, Clothing and Footwear Wholesaling, 371
urn:aim:yLH6gmX4ypdJLeAF:1, Automotive Repair and Maintenance, 941
urn:aim:AjjIabirmhCoZL5F:1, Professional and Scientific Goods Wholesaling, 3491
urn:aim:cFkQTYa7gGGYPwdW:1, Rail Freight Transport, 4710
urn:aim:uZwxjzOrJiT1xT8W:1, Poultry Farming, 017
urn:aim:dicSWNvP6qxWhTPR:1, Electrical Equipment Manufacturing, 243
urn:aim:pVpQTytz6dtbWEzF:1, Grain Mill and Cereal Product Manufacturing, 116
urn:aim:JiY83kZAnxT65HQV:1, Other Manufacturing n.e.c., 2599
urn:aim:hF6fpnDgSOe3zjCC:1, Fossil Fuel Electricity Generation, 2611
urn:aim:qauJoxrsi5HVliXL:1, Deer Farming, 018
urn:aim:BAMenteEPETetn3A:1, Casino Operation, 9201
urn:aim:h1PjliKnUNS8LEOC:1, Child Care Services, 8710
urn:aim:khj3oQbxQTn1gVdX:1, Metal Furniture Manufacturing, 2512
urn:aim:S4ihpUt7urUSPBbF:1, Other Wood Product Manufacturing, 149
urn:aim:aYGfR8u3huJ26RoT:1, Road Passenger Transport, 462
urn:aim:PdvVnwq4JnGv9t4T:1, Other Electrical and Electronic Goods Wholesaling, 3494
urn:aim:AcISXHRI8O2BaF9W:1, Medical Services, 851
urn:aim:bDb1dWRcC4qhTZZT:1, Wood Chipping, 1412
urn:aim:yNWT0sqtfPLCC1JW:1, Textile Product Manufacturing, 133
urn:aim:pC8lHSJZ94da1NNX:1, Plumbing Goods Wholesaling, 3332
urn:aim:rbBcL2ruH7FMVsLT:1, Industrial Gas Manufacturing, 1811
urn:aim:G3noJb65wQVgzhiA:1, Pesticide Manufacturing, 1832
urn:aim:VzTBK4sBsMJgOcOL:1, Aquaculture, 020
urn:aim:zl16yQ7rg7OL2HuV:1, Meat Processing, 1111
urn:aim:o8etqUxtkoToiTJV:1, Takeaway Food Services, 4512
urn:aim:S7Vtdk5sDVzFrNuT:1, Glass and Glass Product Manufacturing, 201
urn:aim:avheCIHCnIRFO9cX:1, Other Transport n.e.c., 5029
urn:aim:rdJuwEwqHmigNtdV:1, Other Construction Services, 329
urn:aim:ZXEetKmvb4BMw1fR:1, Airport Operations and Other Air Transport Support Services, 5220
urn:aim:Fjz2uiWKXkJiHP6T:1, Painting and Decorating Services, 3244
urn:aim:tV7JWWTc6ejfO7rL:1, Mushroom and Vegetable Growing, 012
urn:aim:vy7EfNOD8wVvkkuV:1, Pubs, Taverns and Bars, 452
urn:aim:Vy2uvzadfyHQllyX:1, Iron Ore Mining, 0801
urn:aim:O6lPjkm1vzjaKH6K:1, Public Order, Safety and Regulatory Services, 77
urn:aim:RxH0b2xeW4c3gmKJ:1, Cleaning Compound Manufacturing, 1851
urn:aim:nX5VOa5jtJPgyUuL:1, Water Supply, 2811
urn:aim:n8b1oXXjpTuiG1cC:1, Other Food Product Manufacturing n.e.c., 1199
urn:aim:XDn6VU2qf77mYWaV:1, Electric Lighting Equipment Manufacturing, 2432
urn:aim:vpEewd5hVncsZUmT:1, Basic Inorganic Chemical Manufacturing, 1813
urn:aim:zVDdlunqmrOtDfLV:1, Sewerage and Drainage Services, 2812
urn:aim:v8oDkN2OLPhYayWK:1, Sheet Metal Product Manufacturing (except Metal Structural and ContainerProducts), 224
urn:aim:BwS5097UqgWUBlYC:1, Ambulance Services, 8591
urn:aim:Omph7HpsjOZTsFoA:1, Turf Growing, 0113
urn:aim:X7OVWjcId4V3jMAJ:1, Veterinary Services, 6970
urn:aim:dVUUuDg3yrrChudA:1, Building Pest Control Services, 7312
urn:aim:BHbD780RbZbKGIlF:1, Wired Telecommunications Network Operation, 5801
urn:aim:FcXid6eznHV54fUX:1, Book Publishing, 5413
urn:aim:NvgvLUyqyqrX54NV:1, Prawn Fishing, 0412
urn:aim:Iqq3egHpmvSpGeIL:1, Creative Artists, Musicians, Writers and Performers, 9002
urn:aim:OgdGYk3C5tyQI6zJ:1, Forestry and Logging, 030
urn:aim:hj0eNB8kRMSopkdL:1, Mushroom Growing, 0121
urn:aim:wphIf9mQNx4UFbwV:1, Air and Space Transport, 490
urn:aim:MAx1yo0Nag3vQqST:1, Clothing and Footwear Wholesaling, 3712
urn:aim:BWdFHqflR8JqEVUK:1, Vegetable Growing (Under Cover), 0122
urn:aim:eLSyre1PbheETgEL:1, Exploration, 101
urn:aim:sbGhJrcMuGYgfPZT:1, Specialised Machinery and Equipment Manufacturing, 246
urn:aim:VRQ7gBEhdZr7ZeEK:1, Poultry Processing, 1112
urn:aim:a8rew0YqtUqHi7DC:1, Telecommunication Goods Wholesaling, 3493
urn:aim:MG6bkfvU9IH8SCGA:1, Nursery Production (Under Cover), 0111
urn:aim:ss2q8vIpeTqfliJX:1, Legal and Accounting Services, 693
urn:aim:RUYurpmIKcFSxRhX:1, Parking Services, 9533
urn:aim:ntym6hetV6NHdSAW:1, Oil and Fat Manufacturing, 115
urn:aim:h2AHCPnPVBa48xvF:1, Scenic and Sightseeing Transport, 501
urn:aim:sNyjA1dNkojYw9yW:1, Kiwifruit Growing, 0132
urn:aim:f7LRv3z79d34h6tL:1, Preschool and School Education, 80
urn:aim:eB2tRC7R6s59nsxL:1, House Construction, 3011
urn:aim:Taw7b54OalVhBnrX:1, Sheep-Beef Cattle Farming, 0144
urn:aim:b5Nvu7iOcHviV6mX:1, Oil and Gas Extraction, 070
urn:aim:EgFhXFe7vrbjZoUW:1, Sheet Metal Product Manufacturing (except Metal Structural and Container, 2240
urn:aim:eTE71pxZLDMpHXFT:1, Water Passenger Transport, 4820
urn:aim:MN9FAeMGTjIosovC:1, Other Mining Support Services, 109
urn:aim:lRKbVSKZYRtgvV0R:1, Wooden Structural Fitting and Component Manufacturing, 1492
urn:aim:lpQhs77ClGmmgVtK:1, Central Banking, 621
urn:aim:CnvEmAhc06NXYs8W:1, Land Development and Subdivision, 3211
urn:aim:Lg3qvfqn4JDnlgjC:1, Polymer Film and Sheet Packaging Material Manufacturing, 1911
urn:aim:Hlvjd9jr2jkrcoPK:1, Solid Waste Collection Services, 2911
urn:aim:t2QMdiLL9vbmOdQA:1, Fuel Retailing, 400
urn:aim:ncIcIwPFW19SzuiT:1, Other Water Transport Support Services, 5219
urn:aim:fF6UGfNmYjQe6auL:1, Other Machinery and Equipment Repair and Maintenance, 9429
urn:aim:aKCQt0Dt6ifawJkW:1, Other Fishing, 0419
urn:aim:acdynUihSAxFi2lF:1, Other Metal Container Manufacturing, 2239
urn:aim:ymdLRLVMps40UYYV:1, Building Structure Services, 322
urn:aim:hRzxYrrk1N6AgeAC:1, Pulp, Paper and Paperboard Manufacturing, 151
urn:aim:SPIAxwEvsqhMVYsA:1, Building and Other Industrial Cleaning Services, 7311
urn:aim:Dk99gnggOAwlY49F:1, Veterinary Pharmaceutical and Medicinal Product Manufacturing, 1842
urn:aim:qdLibDNcycOCllvK:1, Architectural, Engineering and Technical Services, 692
urn:aim:IeVBQTtMVIO1MX7A:1, Hydro-Electricity Generation, 2612
urn:aim:CbfnWBw3bUeelPXJ:1, Motor Vehicle and Motor Vehicle Parts Retailing, 39
urn:aim:sWx3NbfuQu3w2RoW:1, Newspaper Publishing, 5411
urn:aim:TEchvZ2lrVYS0geC:1, Textile Product Wholesaling, 3711
urn:aim:hWNTgvJ91Ij1sDzX:1, Aluminium Rolling, Drawing, Extruding, 2142
urn:aim:Ec0kylQHE3OcnrQX:1, Glazing Services, 3245
urn:aim:VV33s0RS2fe3ZgVF:1, Sports and Physical Recreation Activities, 911
urn:aim:Pkz7cuejQrZUDMOX:1, Architectural Services, 6921
urn:aim:gECtLIhTEdSmdskK:1, Other Transport Support Services, 529
urn:aim:s5a0s3StMr73mBnX:1, Milk and Cream Processing, 1131
urn:aim:klzyaabXb13wbpqV:1, Aluminium Smelting, 2132
urn:aim:Qt4hnG0rBFvvCaKJ:1, Television Broadcasting, 562
urn:aim:vESMpFLsSYNNvMlA:1, Toy, Sporting and Recreational Product Manufacturing, 2592
urn:aim:Bo4IxjlycI9aZttJ:1, Banking, 6221
urn:aim:ZqnftvcJ8fwbXU6X:1, Clothing and Footwear Repair, 9491
urn:aim:wTCm6L5z5PyngRNK:1, Oil and Gas Extraction, 0700
urn:aim:ZVmot3f7UGsezyxR:1, Other Residential Building Construction, 3019
urn:aim:Svfy9PtXgqESocuW:1, Sports and Physical Recreation Administrative Service, 9114
urn:aim:HoOqaL0qoWCwAObW:1, Commission-Based Wholesaling, 380
urn:aim:KJkkJgIXo2jiop4K:1, Software Publishing, 5420
urn:aim:HwTko7groOESqq8C:1, Polymer Foam Product Manufacturing, 1913
urn:aim:cXqF9RU6W61tbsXV:1, Computer and Computer Peripheral Wholesaling, 3492
urn:aim:uCvYY7OVuFUV4cUR:1, Fire and Security Alarm Installation Services, 3234
urn:aim:IydGvu4yfg20rHFW:1, Other Structural Metal Product Manufacturing, 2229
urn:aim:Di4vE4LZU36bujOA:1, Other Specialised Industrial Machinery and Equipment Wholesaling, 3419
urn:aim:i5KrDW5arBSlYDtX:1, Pump and Compressor Manufacturing, 2451
urn:aim:r2hiClc6MGWtf7cA:1, Non-Ferrous Metal Casting, 2141
urn:aim:n8FEaEgZgKtvPnlL:1, Libraries and Archives, 601
urn:aim:kIC30oZbWnpkZYVW:1, Other Waste Collection Services, 2919
urn:aim:Xnc6gQvXTO4xiQ3R:1, Laundry and Dry-Cleaning Services, 9531
urn:aim:yL6C2RKGUJgkeOSC:1, Other Horse and Dog Racing Activities, 9129
urn:aim:TUIqKvThoangFwhW:1, Motion Picture and Video Activities, 551
urn:aim:mZpzYGextsf0ZKwR:1, Bricklaying Services, 3222
urn:aim:yRqePmC00JqzFSHK:1, Motion Picture and Video Production, 5511
urn:aim:jAeA0fItciR16E4A:1, Heavy and Civil Engineering Construction, 310
urn:aim:JZVqhWX2Z2gQCDQR:1, Offshore Longline and Rack Aquaculture, 0201
urn:aim:MHgbkcjlCwNjUOvR:1, Central Banking, 6210
urn:aim:BZLWXzfCfePSSIxJ:1, Brothel Keeping and Prostitution Services, 9534
urn:aim:I0Yhug360lPVvOLA:1, Non-Store Retailing and Retail Commission-Based Buying and/or Selling, 43
urn:aim:KOu8a4bFcuOaNzEK:1, Specialist Medical Services, 8512
urn:aim:FTsk0nfOVmDlG4yW:1, Other Electronic Equipment Manufacturing, 2429
urn:aim:OJEEEYsWtZRXRmCT:1, Motor Vehicle and Motor Vehicle Parts Wholesaling, 350
urn:aim:Bx6lwwmuDBJYZA5W:1, Vegetable Growing (Outdoors), 0123
urn:aim:Wbzq8RyBXi2JdGlT:1, Motor Vehicle Body and Trailer Manufacturing, 2312
urn:aim:qkOMq8IBgdnxbSmV:1, Chiropractic and Osteopathic Services, 8534
urn:aim:uYzeQ0JcRfGojMJL:1, Basic Ferrous Metal Manufacturing, 211
urn:aim:vGomDaRCAXJyl79W:1, Logging, 0302
urn:aim:DL0wib426mls91NA:1, Clothing and Footwear Manufacturing, 135
urn:aim:OfABJhxmP3w1xsxJ:1, Accommodation, 4400
urn:aim:aU7099Feh4jJ1UqF:1, Knitted Product Manufacturing, 134
urn:aim:y5813eWdjE5Sx9uL:1, Other Motor Vehicle Parts Manufacturing, 2319
urn:aim:PXFtJ2E1n2p9DarL:1, Residential Care Services, 860
urn:aim:VkEDuePbJdnz2u6W:1, Defence, 76
urn:aim:TPWI7wSiWXmUYhFW:1, Other Fabricated Metal Product Manufacturing, 229
urn:aim:HE04z4hQbhez0HAA:1, Fixed Space Heating, Cooling and Ventilation Equipment Manufacturing, 2452
urn:aim:svuH8mzA4eW2cQLW:1, Communication Equipment Manufacturing, 2422
urn:aim:aD19nQx6YoBvZrIT:1, Car Wholesaling, 3501
urn:aim:pPYlrEgoT2LvYLsA:1, Electrical Services, 3232
urn:aim:w72kzJkvW29ixrhF:1, Interurban and Rural Bus Transport, 4621
urn:aim:qdIFuxDPAJkl02CF:1, Potato, Corn and Other Crisp Manufacturing, 1191
urn:aim:jlDCqJ6OxeEthGYW:1, Motion Picture Exhibition, 5513
urn:aim:HQSZgCV6dxne6XKV:1, Other Store-Based Retailing, 42
urn:aim:CBQnECcEuittIQRT:1, Cosmetic and Toiletry Preparation Manufacturing, 1852
urn:aim:qrXADg0gmhrpYMOT:1, Other Livestock Farming n.e.c., 0199
urn:aim:Jk1mEdKxLzSsFdHK:1, Market Research and Statistical Services, 695
urn:aim:ovu1xJ80llVkZlfX:1, Agriculture and Fishing Support Services, 052
urn:aim:LaaH1TGODQu5s1gL:1, Deer Farming, 0180
urn:aim:SEul2l5xJ9vD7I9J:1, Gold Ore Mining, 0804
urn:aim:I9uWKXSBBUjUT8kF:1, Waste Treatment, Disposal and Remediation Services, 292
urn:aim:DjFerG81LShMZprV:1, Confectionery Manufacturing, 1182
urn:aim:sDjPK5YnAHN1Cs9A:1, Horse and Dog Racing Administration and Track Operation, 9121
urn:aim:qE4Uyt3nidvw1nuR:1, Adult, Community and Other Education, 821
urn:aim:FUhYTqf5TXpYmr7F:1, Real Estate Services, 672
urn:aim:s9NsAB7Uuf43pm2J:1, Tertiary Education, 810
urn:aim:P2yZQ5CqQVuMd68L:1, Fruit and Vegetable Processing, 1140
urn:aim:MAmNwt2vTNhCFdTW:1, Electricity Distribution, 263
urn:aim:NZHA57oIpbZ0T5NJ:1, Prefabricated Wooden Building Manufacturing, 1491
urn:aim:N1MhU6vRRYX6gehC:1, Advertising Services, 694
urn:aim:Z3gzg7oYUed85UhT:1, Other Goods and Equipment Rental and Hiring, 663
urn:aim:aIdDMZAb4BZynNdW:1, Poultry Farming (Eggs), 0172
urn:aim:NJhdzEAYBUg1cFHK:1, Photographic, Optical and Ophthalmic Equipment Manufacturing, 2411
urn:aim:rpv309YYIwpfyfmJ:1, Professional Photographic Services, 6991
urn:aim:Uj9wffwLTYlPMYwV:1, Agricultural Machinery and Equipment Manufacturing, 2461
urn:aim:cWHOUqFoSXXFVDcK:1, Management and Related Consulting Services, 696
urn:aim:SI5xa1pmIhoE3NEJ:1, Structural Steel Fabricating, 2221
urn:aim:W5cW2tKhf3iQel2V:1, Prepared Animal and Bird Feed Manufacturing, 1192
urn:aim:MqMjAkLCEo4Rd4xL:1, Radio Broadcasting, 561
urn:aim:CxGFUsRotjQHA4yJ:1, Cable and Other Subscription Broadcasting, 5622
urn:aim:euvqMNMMoF2GEiAX:1, Other Social Assistance Services, 8790
urn:aim:l236z25qkaxyVCvA:1, Structural Steel Erection Services, 3224
urn:aim:uTPLswOerHPO8o9T:1, Residential Property Operators, 6711
urn:aim:kIJqTS0WUR5GkdqV:1, Nut, Bolt, Screw and Rivet Manufacturing, 2292
urn:aim:C95cwcOOyCH9qJjC:1, Other Agriculture and Fishing Support Services, 0529
urn:aim:ldfTo9k5qcRiqq6X:1, Mineral Exploration, 1012
urn:aim:cKLYXFhZ8PBV0LkJ:1, On Selling Electricity and Electricity Market Operation, 264
urn:aim:sGihtqCWac9v7VXR:1, Bauxite Mining, 0802
urn:aim:hnncV8zJiMivMQaA:1, Scientific Testing and Analysis Services, 6925
urn:aim:T6rBiIMfBJ6JpYRF:1, Insurance and Superannuation Funds, 63
urn:aim:B62B3C16mQyS0acT:1, Pulp, Paper and Paperboard Manufacturing, 1510
urn:aim:o8FRDSHIcRt8f25C:1, Real Estate Services, 6720
urn:aim:PoRKZNeP6rKIlJYR:1, Shipbuilding and Repair Services, 2391
urn:aim:GilfAzvwbFy7mnyJ:1, Supermarket and Grocery Stores, 411
urn:aim:OuBgIAMi3m4l4cLL:1, Fresh Meat, Fish and Poultry Retailing, 4121
urn:aim:EIxRcFAZAgiv5tjR:1, Other Telecommunications Services, 5809
urn:aim:Tcneg8UO8HPEg0yX:1, Nursery Production (Outdoors), 0112
urn:aim:fkro0g2HG5nYzFnX:1, Other Electrical Equipment Manufacturing, 2439
urn:aim:UOlUjvZVhbIIhQnC:1, Electricity Transmission, 262
urn:aim:DqHvm3eZHaQWCvBJ:1, Printing and Printing Support Services, 161
urn:aim:VmLtzaQ3ZQh3i9UR:1, Automotive Electrical Component Manufacturing, 2313
urn:aim:KZRQdSdy7is1zYsC:1, Photographic Chemical Product Manufacturing, 1891
urn:aim:atdP3CBssjyGGbgW:1, Mineral, Metal and Chemical Wholesaling, 332
urn:aim:YW7k20icbJi05uDK:1, Site Preparation Services, 3212
urn:aim:J0Z3otPeWeNIHHYX:1, Hardware, Building and Garden Supplies Retailing, 423
urn:aim:qIpCC2qlR1c6YyVK:1, Gardening Services, 7313
urn:aim:E14BJHEksOnVrrAK:1, Adhesive Manufacturing, 1915
urn:aim:BxMHHAbSMv0XLIXX:1, Management Advice and Related Consulting Services, 6962
urn:aim:FUSSCAu0LrL3ZCUA:1, Fuel Retailing, 4000
urn:aim:gpsVQ7gy5YFUHB8K:1, Copper Ore Mining, 0803
urn:aim:Zt1GuQxnT4i4YzhC:1, Paint and Coatings Manufacturing, 1916
urn:aim:wj7IAhRyuRZLgUXW:1, Clothing Manufacturing, 1351
urn:aim:syI52EE7dinpHUpA:1, Grocery, Liquor and Tobacco Product Wholesaling, 360
urn:aim:LY46fduy23yKYdAA:1, Diet and Weight Reduction Centre Operation, 9512
urn:aim:vXXObxVseNFqV7wT:1, Non-Residential Property Operators, 6712
urn:aim:DZwNw12Fv4LT9OaX:1, Computer System Design and Related Services, 700
urn:aim:FWthkBFl7gdfFTVR:1, Steel Pipe and Tube Manufacturing, 2122
urn:aim:bduLlpW23259d5nW:1, Nickel Ore Mining, 0806
urn:aim:KhpteSWpB9zFEpoV:1, Other Repair and Maintenance n.e.c., 9499
urn:aim:d17jej4ji9j0AuhF:1, Aircraft Manufacturing and Repair Services, 2394
urn:aim:rmqqVHCCVzCI2BVR:1, Plastering and Ceiling Services, 3241
urn:aim:WZqAvldxmjVCKBpA:1, Other Health Care Services n.e.c., 8599
urn:aim:vL9IdIKs6wx5fz4X:1, Internet Service Providers and Web Search Portals, 591
urn:aim:aAepRqnL8BHzwd2F:1, Scenic and Sightseeing Transport, 5010
urn:aim:WHKP1XoBPPFU9CMF:1, Rail Passenger Transport, 4720
urn:aim:qH7aCIParYAOA5mF:1, Offshore Caged Aquaculture, 0202
urn:aim:HRiSqqXVSROOHWUW:1, Cotton Growing, 0152
urn:aim:kjzEb8uRI6ru5DjF:1, Preschool Education, 801
urn:aim:uZGsezVTnWEljbuA:1, Other Basic Polymer Manufacturing, 1829
urn:aim:nY5CGQZqX4aZqydJ:1, Rigid and Semi-Rigid Polymer Product Manufacturing, 1912
urn:aim:aIY6rekGvw4SkwIC:1, General Practice Medical Services, 8511
urn:aim:Ad1DCHPXMbelKqdC:1, Other Professional and Scientific Equipment Manufacturing, 2419
urn:aim:PAaJw9UISORfS0NC:1, Other Crop Growing n.e.c., 0159
urn:aim:ECg5Ka8h4aNru01F:1, Ceramic Product Manufacturing, 202
urn:aim:fDhAHaVwUfyhR55J:1, Other Allied Health Services, 8539
urn:aim:kn16WuqW1uzle9LT:1, Auxiliary Finance and Insurance Services, 64
urn:aim:EaPz37UcTpO8BrMX:1, Basic Organic Chemical Manufacturing, 1812
urn:aim:DWUfEF2JPwiSedZT:1, Metal Coating and Finishing, 2293
urn:aim:kBcdYGJQMwltydrR:1, Floriculture Production (Under Cover), 0114
urn:aim:ikMP6PTZVNT6A6OF:1, Technical and Vocational Education and Training, 8101
urn:aim:Ml2Cm0akuazeCCrJ:1, Life Insurance, 631
urn:aim:HD9mA7pfU4clZS9L:1, Other Ceramic Product Manufacturing, 2029
urn:aim:Gm3IpFXFo3J99j7R:1, Other Transport Support Services n.e.c., 5299
urn:aim:Di4U11utoa48hYjR:1, Aged Care Residential Services, 8601
urn:aim:AIzB8K9CbEZpLVwR:1, Other Automotive Repair and Maintenance, 9419
urn:aim:ywFGO5L8pj3AePRR:1, Computer System Design and Related Services, 7000
urn:aim:IdiYLaPJMH0qjJAK:1, Other Personal Services n.e.c., 9539
urn:aim:PWc3t2Nlka0MLAsF:1, Amusement and Other Recreation Activities, 913
urn:aim:fWc37W08kAU6QMhR:1, Tyre Manufacturing, 1914
urn:aim:lE1CsGnhFNhkUKUF:1, Public Administration, 75
urn:aim:fOBg5iRBR2HbA4dV:1, Log Sawmilling, 1411
urn:aim:pbGdn80A8KWWQdvK:1, Textile Finishing and Other Textile Product Manufacturing, 1334
urn:aim:aWsBjzbSrW6V4Q5W:1, Pipeline Transport, 5021
urn:aim:aEWX7cG1unf9OGJK:1, Electrical and Electronic Goods Retailing, 422
urn:aim:i9gwLZmWOA1MQtBX:1, Iron and Steel Casting, 2121
urn:aim:BTznMHyMvRge3VZL:1, Medical and Surgical Equipment Manufacturing, 2412
urn:aim:TYHGOU6schJN91iR:1, Other Machinery and Equipment Wholesaling n.e.c., 3499
urn:aim:aMPpJVRy3nZ7I8VV:1, Photographic Film Processing, 9532
urn:aim:r5iE04mRxJejZ8ST:1, Bread Manufacturing (Factory based), 1171
urn:aim:XwqBGSW03rq9JhTJ:1, Government Representation, 755
urn:aim:PyKfIwjZK3OatvzW:1, Other Information Services, 602
urn:aim:rMuUhQHea1hL59uC:1, Metal and Mineral Wholesaling, 3322
urn:aim:e2xearcNVX8S32UL:1, Other Goods and Equipment Rental and Hiring n.e.c., 6639
urn:aim:urWoJZZTmbbuW5HL:1, Non-Residential Building Construction, 3020
urn:aim:PouFqROQOEp7q4bF:1, Postal and Courier Pick-up and Delivery Services, 510
urn:aim:vYO5A1AXamuXyY0J:1, Glass and Glass Product Manufacturing, 2010
urn:aim:lTde3XDigB1LiXkT:1, Domestic Appliance Repair and Maintenance, 9421
urn:aim:GlorkKrpFvW5H7uK:1, Other Metal Ore Mining, 0809
urn:aim:HkWKJ89GKEZFaonF:1, Clubs (Hospitality), 4530
urn:aim:vWjC2QVxeF79wkIJ:1, Dental Services, 8531
urn:aim:Mjia1tcMRy2S91aJ:1, Other Construction Material Mining, 0919
urn:aim:mQXL4Svr2rzMIjQF:1, Cured Meat and Smallgoods Manufacturing, 1113
urn:aim:bP1rhEn7yk9xYtuX:1, Employment Services, 721
urn:aim:DcmN65GFaI64wuUW:1, Poultry Farming (Meat), 0171
urn:aim:RjKhty1AbY117BFF:1, Financial Asset Investing, 624
urn:aim:Reh7perOqeHrlqqF:1, Scientific Research Services, 6910
urn:aim:oE1jNGOG21VkVYHT:1, Railway Rolling Stock Manufacturing and Repair Services, 2393
urn:aim:mn62Ns4DBQIXM1yJ:1, Cake and Pastry Manufacturing (Factory based), 1172
urn:aim:VhJPXTQf2f0SVMJW:1, Sugar Cane Growing, 0151
urn:aim:dzfBcASHDe0XYoHR:1, Lottery Operation, 9202
urn:aim:nufq62sGjbmX4dqF:1, Commercial Vehicle Wholesaling, 3502
urn:aim:MYN2YCZ9USmJi10L:1, Stevedoring Services, 5211
urn:aim:FPuunQ8t3KWwwJOA:1, Urban Bus Transport (Including Tramway), 4622
urn:aim:vCgvtW5WOgIvE4EF:1, Clothing, Footwear and Personal Accessory Retailing, 425
urn:aim:mQUxYlE7i32p0qWK:1, Fruit and Vegetable Retailing, 4122
urn:aim:oCo26zQ4HRoIKxJC:1, Other Mining Support Services, 1090
urn:aim:L68j7ibtOejhQssK:1, Horse Farming, 0191
urn:aim:bctCMCsKORRpt8OA:1, Other Non-Metallic Mineral Product Manufacturing, 209
urn:aim:ycymWoISehjucCEX:1, Advertising Services, 6940
urn:aim:BfhEnN7zczhLkbEF:1, Cotton Ginning, 0521
urn:aim:ZN1dj1o1mJ4qniiK:1, Fish and Seafood Wholesaling, 3604
urn:aim:BllWnHVpRY6TDJhX:1, Cement, Lime, Plaster and Concrete Product Manufacturing, 203
urn:aim:flio5vHIqFXFVSPF:1, Wine and Other Alcoholic Beverage Manufacturing, 1214
urn:aim:rwLLoq0JaHgXCvNJ:1, Floriculture Production (Outdoors), 0115
urn:aim:kWY9HbGxKsMZMZmA:1, Agricultural Product Wholesaling, 331
urn:aim:yXE37KnZgn8Q0bAK:1, Hairdressing and Beauty Services, 9511
urn:aim:LB0nzp9IzpswQqsC:1, Road and Bridge Construction, 3101
urn:aim:u10EFaSaDsZi57vX:1, Non-Depository Financing, 623
urn:aim:Z5uTotOLkgooM6uK:1, Other Fruit and Tree Nut Growing, 0139
urn:aim:yJivnM0Y3p4HRuoX:1, Other Gambling Activities, 9209
urn:aim:jNkxzRevGC9AOm6V:1, Gas Supply, 270
urn:aim:OXJcKy6mqhB9sGrJ:1, Other Administrative Services, 729
urn:aim:yXYYv8OCDLbOUDVW:1, Textile Manufacturing, 131
urn:aim:fmRMB3TXzbPVSAjT:1, Radio Broadcasting, 5610
urn:aim:qiSAdNIPTG5wtM6F:1, Private Households Employing Staff, 9601
urn:aim:ohMerA42thOLDiUL:1, Internet Publishing and Broadcasting, 5700
urn:aim:wsTID6L3O3Ghk29L:1, Other Heavy and Civil Engineering Construction, 3109
urn:aim:m54dXfsaFMVRsvxC:1, Other Depository Financial Intermediation, 6229
urn:aim:UkM2dDbKDgRN1zgW:1, Educational Support Services, 822
urn:aim:WjJC3nPauV2Nvy0R:1, Timber Wholesaling, 3331
urn:aim:SF21Gi4i3KtZVorK:1, Freight Forwarding Services, 5292
urn:aim:g0oGnZdTVQ2HwyhT:1, Coal Mining, 0600
urn:aim:ngGiddcFKRglesLW:1, Footwear Manufacturing, 1352
urn:aim:KLf0fgDCXnCyBtXK:1, Automotive Electrical Services, 9411
urn:aim:y7CvB92uNmezhs1V:1, Health and Fitness Centres and Gymnasia Operation, 9111
urn:aim:BBtoW51VPe14FyoF:1, Commission-Based Wholesaling, 3800
urn:aim:LbvV70jYsFJceasJ:1, Funeral, Crematorium and Cemetery Services, 9520
urn:aim:Im8jSentju2Qg72J:1, Pharmaceutical and Toiletry Goods Wholesaling, 372
urn:aim:PaXOFME6PWXrwvnA:1, Reproduction of Recorded Media, 162
urn:aim:f5gGy77Jr1wPCtfF:1, Electricity Transmission, 2620
urn:aim:NWr8VgP1uQcryRiC:1, Spring and Wire Product Manufacturing, 2291
urn:aim:zPaiAk0kdzOkFXPT:1, Sound Recording and Music Publishing, 552
urn:aim:wRYcJUnouEID9yUK:1, Rope, Cordage and Twine Manufacturing, 1332
urn:aim:i2BNSwkG4SjpAYiC:1, Forestry Support Services, 051
urn:aim:QE7T44RBhOskkCwT:1, Other Residential Care Services, 8609
urn:aim:p6l0SSde82cXJEkA:1, Jewellery and Silverware Manufacturing, 2591
urn:aim:RSjYwSZVyckuqsEV:1, Natural Rubber Product Manufacturing, 192
urn:aim:if10VQ14PgOYpk1J:1, Soft Drink, Cordial and Syrup Manufacturing, 1211
urn:aim:mm8LHTUNKzbs18NV:1, Cigarette and Tobacco Product Manufacturing, 1220
urn:aim:rHwgTE3FcszSwBCT:1, Non-Store Retailing, 431
urn:aim:jITDezeGGl3eGasL:1, Other Non-Metallic Mineral Mining and Quarrying, 0990
urn:aim:zu4Zd0KetGBNarsL:1, Other Hardware Goods Wholesaling, 3339
urn:aim:dqQC5FUukWPUEyqC:1, Warehousing and Storage Services, 530
urn:aim:vsyT0aOIhV45MHjA:1, Cut and Sewn Textile Product Manufacturing, 1333
urn:aim:ktGuLAQ6J6VSg13A:1, Shearing Services, 0522
urn:aim:z4HWLjPIcF2Q137T:1, Motor Vehicle Parts and Tyre Retailing, 392
urn:aim:LYKKyIR4DMFzc9dC:1, Textile Floor Covering Manufacturing, 1331
urn:aim:e7SQuwoatA7JVBJF:1, Other Specialised Machinery and Equipment Manufacturing, 2469
urn:aim:rB9NrDOnjTpi6RvK:1, Other Specialised Design Services, 6924
urn:aim:StTPc3W7sf4TYPXF:1, Agricultural and Construction Machinery Wholesaling, 3411
urn:aim:nvwiO4VNCJekO7cK:1, Other Domestic Appliance Manufacturing, 2449
urn:aim:qSK95VDZTUFaMPuL:1, Concrete Product Manufacturing, 2034
urn:aim:lZkvFZMsHtcYAmEK:1, Veneer and Plywood Manufacturing, 1493
urn:aim:bTS9gOj55VG0sRXV:1, Farm Animal and Bloodstock Leasing, 662
urn:aim:fw0POIIMWt7XuHuV:1, Computer and Electronic Office Equipment Manufacturing, 2421
urn:aim:NrmAuaIlBrPTElHK:1, Other Machinery and Equipment Manufacturing n.e.c., 2499
urn:aim:W30aYrC55z2SwLNR:1, Performing Arts Operation, 9001
urn:aim:RgLYb2bZoitUlXER:1, Olive Growing, 0137
urn:aim:JOYTOwJPe2p3lRKA:1, Hardware and Building Supplies Retailing, 4231
urn:aim:ElIMmrkgVqOfDVUR:1, Hire of Construction Machinery with Operator, 3292
urn:aim:BEAUGPmU3SUrVF7X:1, Motor Vehicle New Parts Wholesaling, 3504
urn:aim:wZUoayjysNlJmASJ:1, Other Non-Metallic Mineral Product Manufacturing, 2090
urn:aim:CodEwCOaL8GMQ1AK:1, Call Centre Operation, 7294
urn:aim:nlczWqdguxMWFZNC:1, Local Government Administration, 753
urn:aim:oTvouMlhO6wdbv6L:1, Meat, Poultry and Smallgoods Wholesaling, 3602
urn:aim:tAtjF8g83VVAvsXF:1, Other Transport Equipment Manufacturing n.e.c., 2399
urn:aim:EIaJUovq1aOnPqMK:1, Pubs, Taverns and Bars, 4520
urn:aim:so8m6qthrsGj1rSW:1, Travel Agency and Tour Arrangement Services, 7220
urn:aim:YaIIOujDw7KAmanA:1, Adult, Community and Other Education n.e.c., 8219
urn:aim:kG8eUCw5YrCz4voR:1, Motor Vehicle Retailing, 391
urn:aim:sI5qhn2sLYWqrrML:1, Regulatory Services, 772
urn:aim:xLCh7CRtoA4C53VL:1, Leather Tanning, Fur Dressing and Leather Product Manufacturing, 132
urn:aim:LPx6cOw2Ro0BZiCJ:1, Converted Paper Product Manufacturing, 152
urn:aim:ol4YWRw7qEBnB33J:1, Grain Storage Services, 5301
urn:aim:euUZfVjB1sHL51fL:1, Foreign Government Representation, 7552
urn:aim:InSEU6Ru8GgucXfL:1, Lifting and Material Handling Equipment Manufacturing, 2491
urn:aim:wvXzhyskwC4pN6MR:1, Other Wood Product Manufacturing n.e.c., 1499
urn:aim:IMvinyQKYAFtQ9mW:1, Building Society Operation, 6222
urn:aim:VHPbKkzKoNNsw2YW:1, Pharmaceutical and Other Store-Based Retailing, 427
urn:aim:NcY4HKGh8Tb0NmrL:1, Furniture, Floor Coverings, Houseware and Textile Goods Retailing, 421
urn:aim:C7uSlqzNsZXTPZVV:1, Financial Asset Investing, 6240
urn:aim:HaaNiibXxfrTEtjX:1, Local Government Administration, 7530
urn:aim:ERhUCxUn7MqmyRaK:1, Engineering Design and Engineering Consulting Services, 6923
urn:aim:KJ34fRJ5ZCa1wp0C:1, Electricity Distribution, 2630
urn:aim:jiNrUbUAPUlA01WV:1, Other Polymer Product Manufacturing, 1919
urn:aim:Uq9nm6ZTgKl6LM0V:1, Hunting and Trapping, 0420
urn:aim:iQSgOaW438stJhkJ:1, Alumina Production, 2131
urn:aim:V8mDVPTj667LRDJC:1, Other Basic Non-Ferrous Metal Manufacturing, 2139
urn:aim:RPtAsbXFj4HzXENA:1, Roofing Services, 3223
urn:aim:I7NhklFuAro7BizC:1, Concreting Services, 3221
urn:aim:cdzwawmHJdj7N6NX:1, Sports and Physical Recreation Venues, Grounds and Facilities Operation, 9113
urn:aim:TvziWesIUhJxNHdW:1, Garden Supplies Retailing, 4232
urn:aim:hMWjuijrcLNLv3tC:1, Car Retailing, 3911
urn:aim:Q5zpCc9eclpMS7HW:1, Credit Union Operation, 6223
urn:aim:xypdehFinV7tml0L:1, Music and Other Sound Recording Activities, 5522
urn:aim:elGhxvSKN6ZnV1KT:1, Synthetic Resin and Synthetic Rubber Manufacturing, 1821
urn:aim:Q3HO1FXLULOQGTbX:1, Domestic Government Representation, 7551
urn:aim:p7ZtgYI9HIUGMhoK:1, Carpentry Services, 3242
urn:aim:rCA762RPyvJWNF5V:1, Auxiliary Insurance Services, 642
urn:aim:NK2QL6XTFExUI49J:1, Pharmaceutical, Cosmetic and Toiletry Goods Retailing, 4271
urn:aim:bGhYEGDBb6wEhiVA:1, Motor Vehicle Dismantling and Used Parts Wholesaling, 3505
urn:aim:sOilxheAYRDsC6FR:1, Free-to-Air Television Broadcasting, 5621
urn:aim:NXdAtF7vnKIRk7IA:1, Other Warehousing and Storage Services, 5309
urn:aim:nhRFuUA2JPqGWYjL:1, Other Agricultural Product Wholesaling, 3319
urn:aim:wrvP7ssLs96G7bxV:1, Undifferentiated Goods-Producing Activities of Private Households for Own Use, 9602
urn:aim:uuPpTRkoqZe3qIWL:1, Public Order and Safety Services, 771
urn:aim:okB0kTp07Z2N8CBL:1, Other Construction Services n.e.c., 3299
urn:aim:n6uySVhExNcN3RxV:1, Police Services, 7711
urn:aim:O41yVJq8o7TvmqtV:1, Customs Agency Services, 5291
urn:aim:VNztx5nQtwmrCwwA:1, Non-Financial Intangible Assets (Except Copyrights) Leasing, 664
urn:aim:DFg4ndEB9urFuM5F:1, Auxiliary Insurance Services, 6420
urn:aim:VFQNF8fZ7xui384V:1, Cereal, Pasta and Baking Mix Manufacturing, 1162
urn:aim:JX1PmUvBDqxfWYIA:1, Air and Space Transport, 4900
urn:aim:uz3CpnDQewr6lJ3F:1, Amusement and Other Recreational Activities n.e.c., 9139
urn:aim:GTDjm6w4LnaSxYrC:1, Ice Cream Manufacturing, 1132
urn:aim:uykhA0AK1v6gnoBR:1, Undifferentiated Service-Producing Activities of Private Households for Own Use, 9603
urn:aim:LXy1ybRqBTOgcjOW:1, Life Insurance, 6310
urn:aim:aux0UwBwS3E90LtW:1, Fruit and Vegetable Wholesaling, 3605
urn:aim:q4IDKseCs6XEacsX:1, Landscape Construction Services, 3291
urn:aim:ADeiJ0A8AxBPOsKA:1, Motion Picture and Video Distribution, 5512
urn:aim:bcsqQKmf3Jte885K:1, Surveying and Mapping Services, 6922
urn:aim:TL8xDpDkJpjtz4rT:1, Preschool Education, 8010
urn:aim:ZcEAyaefCfnRpv4J:1, General Line Grocery Wholesaling, 3601
urn:aim:HOPNKc12l36xbiDX:1, Copper, Silver, Lead and Zinc Smelting and Refining, 2133
urn:aim:Qt9Bno3yS6aYUaEA:1, Grain Mill Product Manufacturing, 1161
urn:aim:VIGG6auuaz0MS5rK:1, Retail Commission-Based Buying and/or Selling, 432
urn:aim:NFrL0rgc0R8mGGZV:1, Natural Rubber Product Manufacturing, 1920
urn:aim:G6lCq1Q4HHY40Z3J:1, Forestry Support Services, 0510
urn:aim:L8yVtyYaxHOReU7W:1, Paper Stationery Manufacturing, 1523
urn:aim:w8iP4gksmJFPmiyA:1, Petroleum Exploration, 1011
urn:aim:hsKgAWOnqJEKIWuL:1, Libraries and Archives, 6010
urn:aim:b5SdQ3S8ZcJDQbBX:1, Other Electrical and Electronic Goods Retailing, 4229
urn:aim:gPnzU9N6gwDybekV:1, Video and Other Electronic Media Rental and Hiring, 6632
urn:aim:MifX9z3Hhvk08DRA:1, Postal Services, 5101
urn:aim:qmpzJrrvizEnUSjL:1, Mining and Construction Machinery Manufacturing, 2462
urn:aim:C3asxO4gDs7yICGW:1, Taxi and Other Road Transport, 4623
urn:aim:IsPTwAm4am1mqLCJ:1, Music Publishing, 5521
urn:aim:S7vyfPYZR5UXodjF:1, Data Processing, Web Hosting and Electronic Information Storage Services, 592
urn:aim:koomIRNF9fIBBVSL:1, Motor Vehicle and Transport Equipment Rental and Hiring, 661
urn:aim:IhatmegWLP1rDhlF:1, Electric Cable and Wire Manufacturing, 2431
urn:aim:DPRlfRvydoI78znF:1, Other Administrative Services n.e.c., 7299
urn:aim:mjfqqr4IvRaqmM6J:1, Other Fabricated Metal Product Manufacturing n.e.c., 2299
urn:aim:luhG7dqx5d2T5vPV:1, Defence, 760
urn:aim:tT7vLg4rQPAJU9lR:1, Trailer and Other Motor Vehicle Wholesaling, 3503
urn:aim:nCrditcUgLojb9fL:1, Manchester and Other Textile Goods Retailing, 4214
urn:aim:dLASIdgdAAn9N9fC:1, Reproduction of Recorded Media, 1620
urn:aim:TBYIyMclfSJZ16GT:1, Waste Remediation and Materials Recovery Services, 2922
urn:aim:Cf0mV9kcVartzsVW:1, Sports and Physical Recreation Clubs and Sports Professionals, 9112
urn:aim:axA3S9dzGJY4LYHW:1, Automotive Body, Paint and Interior Repair, 9412
urn:aim:ye7jGuQxP8ZiFsJF:1, Employment Placement and Recruitment Services, 7211
urn:aim:kw5NnuFHoCD3ShQR:1, Plaster Product Manufacturing, 2032
urn:aim:oY4H7NDU0x0ouZNJ:1, Corporate Head Office Management Services, 6961
urn:aim:IZOhGJlAfmZLUllA:1, Clothing Retailing, 4251
urn:aim:tT0IUxMsOQItICZT:1, Reconstituted Wood Product Manufacturing, 1494
urn:aim:xR0LkmUxBe7eY5UF:1, Furniture, Floor Covering and Other Goods Wholesaling, 373
urn:aim:tY9AcfS0xhj3srdL:1, Market Research and Statistical Services, 6950
urn:aim:E9acV47QNqAMmsYR:1, Clay Brick Manufacturing, 2021
urn:aim:nFSwEaofqOP5pHyC:1, Supermarket and Grocery Stores, 4110
urn:aim:VaiPhyJCMuLEGW5F:1, Accounting Services, 6932
urn:aim:CgLWrBcdQCiMHT7F:1, Oil and Fat Manufacturing, 1150
urn:aim:EazLIEyrMhfcZYFC:1, Petroleum Product Wholesaling, 3321
urn:aim:E5uhbAasKRfC1PuK:1, Labour Supply Services, 7212
urn:aim:wUhEkaec6GSDkFhL:1, Defence, 7600
urn:aim:yq1GNgvLi3qPqPsT:1, Wool Wholesaling, 3311
urn:aim:iIbJEEDEbKCB1QFA:1, Sanitary Paper Product Manufacturing, 1524
urn:aim:pTmsEZct6EGZBvnW:1, Educational Support Services, 8220
urn:aim:MR9tz2CrFPSIDrkT:1, Onshore Aquaculture, 0203
urn:aim:QEv9xb22Ky8DJwdA:1, Machine Tool and Parts Manufacturing, 2463
urn:aim:AKkdxLYu2gv44voV:1, Document Preparation Services, 7292
urn:aim:h1llZfZbdl7p55SL:1, Auxiliary Finance and Investment Services, 641
urn:aim:ko5Jjpu419wcKd4A:1, Legal Services, 6931
urn:aim:ucS74yeg42lbzXDC:1, Justice, 754
urn:aim:hPx0PhNvqT8lZK7K:1, Higher Education, 8102
urn:aim:xoW5A988Uz6u77sA:1, Credit Reporting and Debt Collection Services, 7293
urn:aim:cUptda4AEHebHHRA:1, Arts Education, 8212
urn:aim:v1iUptWxolrwsjJT:1, Recreational Goods Retailing, 424
urn:aim:mBRN7ATKKQU0bQYT:1, Synthetic Textile Manufacturing, 1313
urn:aim:knywuiFTPzUQABzK:1, Post-production Services and Other Motion Picture and Video Activities, 5514
urn:aim:ZTavaf6fFk27ux1X:1, School Education, 802
urn:aim:XPgXTQ35HddnF8xX:1, Trailer and Other Motor Vehicle Retailing, 3913
urn:aim:eqjzs0hquD0Z4yBL:1, Printing Support Services, 1612
urn:aim:jOMFGynvHS9cnodL:1, Flower Retailing, 4274
urn:aim:TvKpTZ8AzSlZXwrW:1, Forestry, 0301
urn:aim:YTfzn85wy3MdGXCR:1, Corrugated Paperboard and Paperboard Container Manufacturing, 1521
urn:aim:dvsyEIwPbuA63QIW:1, Superannuation Funds, 633
urn:aim:mcnQc0ltHS40lsJR:1, On Selling Electricity and Electricity Market Operation, 2640
urn:aim:zQ1NKRGFbXd0O1CC:1, Special School Education, 8024
urn:aim:akJGnpANK6E2nUGJ:1, Amusement Parks and Centres Operation, 9131
urn:aim:pQNB7swbr7VfD25X:1, Other Grocery Wholesaling, 3609
urn:aim:uwOrFwuu9B5O7DQV:1, State Government Administration, 752
urn:aim:UCih2gm91gDhRDZW:1, Houseware Retailing, 4213
urn:aim:G8wN4IdBvqRNu5LT:1, Department Stores, 426
urn:aim:UQ56kjCnzezbsysC:1, Tyre Retailing, 3922
urn:aim:Fqy5ENBGU3aegz1F:1, Waste Treatment and Disposal Services, 2921
urn:aim:VIbIcYMgBCV9BrCL:1, Toy and Sporting Goods Wholesaling, 3734
urn:aim:iaORv6KOAAob16gW:1, Non-Depository Financing, 6230
urn:aim:Ws9JWGpoOdYoHVOX:1, Correctional and Detention Services, 7714
urn:aim:xQnXmmDvfdajRcYX:1, Sports and Physical Recreation Instruction, 8211
urn:aim:iWPxpiQ0AMwFHnXK:1, Computer and Computer Peripheral Retailing, 4222
urn:aim:dEU3q5hxSQESIrUA:1, Office Administrative Services, 7291
urn:aim:bozrt8Y6opGjEamV:1, Industrial and Agricultural Chemical Product Wholesaling, 3323
urn:aim:llSMfuYgRhmBS3wF:1, Gas Supply, 2700
urn:aim:Dt1K5wKRirq3Kx0R:1, Electrical, Electronic and Gas Appliance Retailing, 4221
urn:aim:UGSyXtLY9crNexxV:1, Iron Smelting and Steel Manufacturing, 2110
urn:aim:zUYdXAoGFmUEevIV:1, Knitted Product Manufacturing, 1340
urn:aim:Gxah2ZL1INNflNiR:1, Other Store-Based Retailing n.e.c., 4279
urn:aim:SVuzkf46EyY9JMDK:1, Health and General Insurance, 632
urn:aim:xcyfHYzzi3B6cdmV:1, Internet Service Providers and Web Search Portals, 5910
urn:aim:BKTAidgFgmf0zHKR:1, Heavy Machinery and Scaffolding Rental and Hiring, 6631
urn:aim:byJapc86maX7J9tC:1, Dairy Produce Wholesaling, 3603
urn:aim:TgQbGMa7CahfVBjT:1, Other Information Services, 6020
urn:aim:SEa2rhSQseaAQjfW:1, Wool Scouring, 1311
urn:aim:uzxPif9zipDefEaA:1, Ready-Mixed Concrete Manufacturing, 2033
urn:aim:vdDd61DnZD2K9bAT:1, Cereal Grain Wholesaling, 3312
urn:aim:YjDh7uZujs4Y9qNA:1, Antique and Used Goods Retailing, 4273
urn:aim:RjDSvZorvXvwMVcF:1, Farm Animal and Bloodstock Leasing, 6620
urn:aim:FiDcKIB8BNM8GugJ:1, Floor Coverings Retailing, 4212
urn:aim:kgRBCaU6WruOlD2R:1, Financial Asset Broking Services, 6411
urn:aim:ad5IuK7P8wVbOwoT:1, Other Personal Accessory Retailing, 4259
urn:aim:ubMaP04ksEF0zYPF:1, Fire Protection and Other Emergency Services, 7713
urn:aim:Xlhn3AejHYM6s7GW:1, Department Stores, 4260
urn:aim:hyi9uTo11dK9iSJJ:1, General Insurance, 6322
urn:aim:U2VruaDiB2zGfVgR:1, Central Government Administration, 751
urn:aim:A3TNLKTcy6FeHwZL:1, Electronic Information Storage Services, 5922
urn:aim:ch5AuFwtdUq9BcvL:1, Printing, 1611
urn:aim:Asprsh1lTMUVAIuK:1, Footwear Retailing, 4252
urn:aim:XrLXgjFZ6JigGUlJ:1, Natural Textile Manufacturing, 1312
urn:aim:N86PPIi7olA87XMK:1, Liquor and Tobacco Product Wholesaling, 3606
urn:aim:geSmxLBDKChywYmW:1, Non-Store Retailing, 4310
urn:aim:PsYONyVdrsYJVFRL:1, Watch and Jewellery Retailing, 4253
urn:aim:r0HFWjvXigQvythJ:1, Courier Pick-up and Delivery Services, 5102
urn:aim:KruLCG4LQqjnutOV:1, Retail Commission-Based Buying and/or Selling, 4320
urn:aim:fixg6TdUQeWQqAAR:1, Kitchen and Diningware Wholesaling, 3733
urn:aim:AK61j33uA4Ofo5TT:1, Book and Magazine Wholesaling, 3735
urn:aim:CH4tURMZh5igLkBR:1, State Government Administration, 7520
urn:aim:iwztcXjjqbrNlsjA:1, Paper Bag Manufacturing, 1522
urn:aim:vXwnMH7m08gC7XAF:1, Leather Tanning, Fur Dressing and Leather Product Manufacturing, 1320
urn:aim:d5ZkwHA1HjwFcmbF:1, Regulatory Services, 7720
urn:aim:Np8XKgHWiODiVacF:1, Motor Vehicle Parts Retailing, 3921
urn:aim:IYD9igRyonbiMX8X:1, Data Processing and Web Hosting Services, 5921
urn:aim:jYpiF5jSHZLc6YzX:1, Cement and Lime Manufacturing, 2031
urn:aim:qGDeMSvJldDN6NmJ:1, Non-Financial Intangible Assets (Except Copyrights) Leasing, 6640
urn:aim:JnF3RMjwDhHD311V:1, Primary Education, 8021
urn:aim:hBphgySqqfimztLK:1, Motor Cycle Retailing, 3912
urn:aim:eSGNpm6wwIF2ZCEL:1, Investigation and Security Services, 7712
urn:aim:iQwhsAU6bX8o5hPC:1, Central Government Administration, 7510
urn:aim:TcQgkD0zIUy8pHlJ:1, Other Public Order and Safety Services, 7719
urn:aim:MxqjhLBH6vSeoMIA:1, Entertainment Media Retailing, 4242
urn:aim:mveZMwA1Ft2Mf9gR:1, Pharmaceutical and Toiletry Goods Wholesaling, 3720
urn:aim:Ia2xVqmOCeuFZ2KR:1, Other Motor Vehicle and Transport Equipment Rental and Hiring, 6619
urn:aim:wPRcRDkOLhddPGdC:1, Furniture Retailing, 4211
urn:aim:C8LYeMwiSsZK5UMC:1, Stationery Goods Retailing, 4272
urn:aim:ppCDQvTadYPHeYpA:1, Passenger Car Rental and Hiring, 6611
urn:aim:miLPrfHNY1yQ36QK:1, Jewellery and Watch Wholesaling, 3732
urn:aim:LSGW3woBW2bwNecW:1, Combined Primary and Secondary Education, 8023
urn:aim:PcZVLV9XzDmBoMfX:1, Other Converted Paper Product Manufacturing, 1529
urn:aim:cId9OBB1UfYBCMHW:1, Marine Equipment Retailing, 4245
urn:aim:o6S6XAXnUCHUhMvV:1, Other Goods Wholesaling n.e.c., 3739
urn:aim:wgy3Uxs0hlYSjoQR:1, Paper Product Wholesaling, 3736
urn:aim:umUExDVGjhqw0wXW:1, Newspaper and Book Retailing, 4244
urn:aim:uvPo2BTq38n2px0R:1, Sport and Camping Equipment Retailing, 4241
urn:aim:fMl8Ja4QKksnpkSW:1, Furniture and Floor Covering Wholesaling, 3731
urn:aim:miHT0I4t7Z4Vg4cL:1, Toy and Game Retailing, 4243
urn:aim:h5j118KEqm73cIkJ:1, Health Insurance, 6321
urn:aim:rSbcrACRFGkf3NrW:1, Secondary Education, 8022
urn:aim:vRaevccBRym4cFlT:1, Superannuation Funds, 6330
urn:aim:H1L1eQYganjCkbyC:1, Other Auxiliary Finance and Investment Services, 6419
urn:aim:PrkkqL3i1lkA2MJF:1, Justice, 7540
